{"tables": {"employees": {"columns": {"id": {"type": "INT", "nullable": false}, "name": {"type": "TEXT", "nullable": false}, "salary": {"type": "FLOAT", "nullable": true}}, "constraints": {"primary_key": "id", "foreign_keys": {}, "unique": ["id"], "not_null": ["id", "name"]}, "data_file": "employees.json"}, "projects": {"columns": {"pid": {"type": "INT", "nullable": false}, "eid": {"type": "INT", "nullable": true}, "name": {"type": "TEXT", "nullable": true}}, "constraints": {"primary_key": "pid", "foreign_keys": {"eid": {"table": "employees", "column": "id"}}, "unique": ["pid"], "not_null": ["pid"]}, "data_file": "projects.json"}}}