{"tables": {"departments": {"columns": {"id": {"type": "INT", "nullable": false}, "name": {"type": "TEXT", "nullable": false}}, "constraints": {"primary_key": "id", "foreign_keys": {}, "unique": ["id"], "not_null": ["id", "name"]}, "data_file": "departments.json"}, "Employees": {"columns": {"id": {"type": "INT", "nullable": false}, "name": {"type": "TEXT", "nullable": false}, "email": {"type": "TEXT", "nullable": true}, "hire_date": {"type": "DATE", "nullable": true}, "dept_id": {"type": "INT", "nullable": true}}, "constraints": {"primary_key": "id", "foreign_keys": {"dept_id": {"table": "departments", "column": "id"}}, "unique": ["id", "email"], "not_null": ["id", "name"]}, "data_file": "Employees.json"}}}